,Unnamed: 0,Date,Victim,Country,Ransomware Group
0,0,2024-09-23,wwweurobulkgr,Greece,PLAY
1,1,2024-09-23,wwwbroadgraincom,Canada,PLAY
2,2,2024-09-21,wwwtbmdfcom,United States,PLAY
3,3,2024-09-21,wwwpaccoastcom,United States,PLAY
4,4,2024-09-21,wwwomegaindustriescom,United States,PLAY
5,5,2024-09-21,wwwnobleenvirocom,United States,PLAY
6,6,2024-09-21,wwwmessecdk,Denmark,PLAY
7,7,2024-09-21,wwwjacksonpapernet,United States,PLAY
8,8,2024-09-19,wwwplaistedcompaniescom,United States,PLAY
9,9,2024-09-16,wwwmultidatalu,Luxembourg,PLAY
10,10,2024-09-16,wwwhariripontarinicom,Canada,PLAY
11,11,2024-09-16,wwwrspca,Canada,PLAY
12,12,2024-05-30,wwwntvca,Canada,PLAY
13,13,2024-05-30,wwwwalsercom,United States,PLAY
14,14,21823:,wwwelmhurstgroupcom,United States,PLAY
15,15,2024-05-30,wwwfplfoodcom,United States,PLAY
16,16,2024-05-29,wwwcreditcentralllccom,United States,PLAY
17,17,2024-05-22,wwwlevinportercom,United States,PLAY
18,18,2024-05-22,wwwsemicorecom,United States,PLAY
19,19,2024-05-22,wwwvisalightingcom,United States,PLAY
20,20,2024-05-22,wwwardenbrookcom,United States,PLAY
21,21,2024-05-22,wwwrdiglobalhospitalitycom,United States,PLAY
22,22,2024-05-22,wwwadncom,United States,PLAY
23,23,2024-05-22,wwwexperistgcom,United States,PLAY
24,24,2024-09-29,wwwgarveyscarpetcom,United States,PLAY
25,25,2024-09-29,wwwclassicbusinesscom,United States,PLAY
26,26,2024-09-29,wwwrubberresourcescom,United States,PLAY
27,27,2024-09-29,infracomse,Sweden,PLAY
28,28,2024-09-29,wwwgssolutionscom,United States,PLAY
29,29,2024-09-29,wwwandantexcom,United States,PLAY
30,30,2024-09-29,wwwgo4bcom,United States,PLAY
31,31,2024-09-29,wwwreuttergroupcom,Germany,PLAY
32,32,2024-09-29,wwwperformancefoodcenterscom,United States,PLAY
33,33,2024-09-29,wwwinteriorworxcommercialflooringcom,United States,PLAY
34,34,2024-09-29,wwwaffirmagencycom,United States,PLAY
35,35,2024-09-26,wwwmilehicompaniescom,United States,PLAY
36,36,2024-09-23,wwweurobulkgr,Greece,PLAY
37,37,2024-09-23,wwwbroadgraincom,Canada,PLAY
38,38,2024-09-21,wwwtbmdfcom,United States,PLAY
39,39,2024-09-21,wwwpaccoastcom,United States,PLAY
40,40,2024-09-21,wwwomegaindustriescom,United States,PLAY
41,41,2024-09-21,wwwnobleenvirocom,United States,PLAY
42,42,2024-09-21,wwwmessecdk,Denmark,PLAY
43,43,2024-09-21,wwwjacksonpapernet,United States,PLAY
44,44,2024-09-19,wwwplaistedcompaniescom,United States,PLAY
45,45,2024-09-16,wwwmultidatalu,Luxembourg,PLAY
46,46,2024-09-16,wwwhariripontarinicom,Canada,PLAY
47,47,2024-09-16,wwwrspca,Canada,PLAY
48,48,2024-09-16,wwwpipusacom,United States,PLAY
49,49,2024-09-16,wwwbaskervillcom,United States,PLAY
50,50,2024-09-13,wwwcreativeplaythingscom,United States,PLAY
51,51,2024-09-13,wwwdminjcom,United States,PLAY
52,52,2024-09-13,wwwtruefamilyenterprisescom,United States,PLAY
53,53,2024-09-10,wwwsecoolercom,United States,PLAY
54,54,3913:,wwwvirginiadarecom,United States,PLAY
55,55,2024-09-10,wwwswartzelectriccom,United States,PLAY
56,56,2024-09-10,wwwbelairbayclubcom,United States,PLAY
57,57,2024-09-10,wwwelginseparationsolutionscom,United States,PLAY
58,58,2024-09-10,wwwpwadcnet,United States,PLAY
59,59,2024-09-10,wwwweldcobealescom,Canada,PLAY
60,60,2024-06-12,wwwkintercom,United States,PLAY
61,61,2024-06-12,wwwcorbinturfcom,United States,PLAY
62,62,2024-06-12,wwwaircleaningspecialistscom,United States,PLAY
63,63,2024-06-12,wwwdtindustrialflooringcom,United States,PLAY
64,64,2024-06-12,wwwcitybuilderscom,United States,PLAY
65,65,2024-06-12,wwwrrlawca,Canada,PLAY
66,66,2024-06-12,wwwaldenhovennl,Netherlands,PLAY
67,67,2024-06-12,wwwamarillagascom,Argentina,PLAY
68,68,2024-06-12,wwwmonsterasmetallse,Sweden,PLAY
69,69,2024-06-12,wwwmetooshoescom,United States,PLAY
70,70,2024-06-12,wwwcelluphonecom,United States,PLAY
71,71,2024-06-12,wwwwwpch,Switzerland,PLAY
72,72,2024-01-19,wwwtpgarchitecturecom,United States,PLAY
73,73,2024-01-06,wwwteleverdecom,United States,PLAY
74,74,:,wwwmadisoncapitalcom,United States,PLAY
75,75,2023-12-21,wwwquiltyca,Canada,PLAY
76,76,2023-12-20,wwwdigipackagingcom,United States,PLAY
77,77,2023-12-20,wwwconceptdatadk,Denmark,PLAY
78,78,2023-12-20,wwwjonrichardcom,United Kingdom,PLAY
79,79,2023-12-18,wwwcmpaulacom,United States,PLAY
80,80,..üëÅÔ∏è,United,"Luxembourg,",PLAY
81,81,50400:,wwwsuccesschoonmaaknl,Netherlands,PLAY
82,82,2023-12-18,wwwwaldnerscom,United States,PLAY
83,83,2023-12-18,wwwschoepedisplaycom,Germany,PLAY
84,84,2024-07-04,wwwprairieathleticcom,United States,PLAY
85,85,2024-07-04,wwwinnerspeccom,United States,PLAY
86,86,2024-07-04,wwwindaorg,United States,PLAY
87,87,2024-07-04,wwwtexasrecyclingcom,United States,PLAY
88,88,2024-07-04,wwwelyriafoundrycom,United States,PLAY
89,89,2024-06-23,wwwcustomconcretecom,United States,PLAY
90,90,2024-06-23,wwwpromotionholdingscom,United States,PLAY
91,91,2024-06-23,wwwrrcaaccountscom,United States,PLAY
92,92,2024-06-23,wwwbungersteelcom,United States,PLAY
93,93,2024-06-23,wwwinquesttechnologiescom,United Kingdom,PLAY
94,94,2024-06-23,wwwhedrickbrotherscom,United States,PLAY
95,95,2024-06-23,wwwbelletirecom,United States,PLAY
96,96,2024-09-10,wwwevansdistcom,United States,PLAY
97,97,2024-09-04,wwwseiruscom,United States,PLAY
98,98,2024-09-04,wwwcraingroupcom,United States,PLAY
99,99,2024-09-04,wwwbakersfieldcom,United States,PLAY
100,100,2024-09-04,wwwfarmersricecom,United States,PLAY
101,101,2024-08-28,wwwclabotsbe,Belgium,PLAY
102,102,2024-08-28,wwwomicrongranitenet,United States,PLAY
103,103,2024-08-28,wwwuniversalpurecom,United States,PLAY
104,104,2024-08-28,wwwabcpartsnet,United States,PLAY
105,105,2024-08-28,wwwgdbinternationalcom,United States,PLAY
106,106,2024-08-28,wwwseadeocom,United States,PLAY
107,107,6298:,wwwepibreadscom,United States,PLAY
108,108,2024-03-11,wwwfashionsukcom,United Kingdom,PLAY
109,109,2024-03-11,wwwgrassmidtransportinccom,United States,PLAY
110,110,2024-03-11,wwwimagepointecom,United States,PLAY
111,111,2024-03-11,wwwrudaautocom,United States,PLAY
112,112,2024-03-11,wwwzsbca,Canada,PLAY
113,113,2024-03-11,wwwbechtoldfensterde,Germany,PLAY
114,114,2024-03-11,wwwschokinagcom,Germany,PLAY
115,115,2024-03-11,wwwqeocom,United States,PLAY
116,116,2024-03-06,wwwmainvestcom,United States,PLAY
117,117,2024-03-06,wwwcontinentalaero,United States,PLAY
118,118,2024-03-01,wwwfbiconstructioncom,United States,PLAY
119,119,2024-03-01,wwwkoolairinccom,Canada,PLAY
120,120,2024-08-27,wwwprecominccom,United States,PLAY
121,121,2024-08-27,wwwmicrochipcom,United States,PLAY
122,122,2024-08-21,wwwpasolutionscom,United States,PLAY
123,123,2024-08-21,wwwrcgllccom,United States,PLAY
124,124,2024-08-21,wwwarmourcoatingscom,United States,PLAY
125,125,2024-08-21,wwwthesmsgroupcom,United States,PLAY
126,126,2024-08-13,wwweriemeatscom,Canada,PLAY
127,127,2024-08-13,wwwmycinematechcom,United States,PLAY
128,128,2024-08-13,wwwadinareytercom,United States,PLAY
129,129,2024-08-13,wwwaithermalcom,United States,PLAY
130,130,2024-08-13,wwwparkerdevcocom,United States,PLAY
131,131,2024-08-13,wwwmillcreeklumbercom,United States,PLAY
132,132,2024-03-27,wwwalberlawcom,United States,PLAY
133,133,2024-03-27,wwwfestspielhausde,Germany,PLAY
134,134,2024-03-27,wwwweldpluscom,United States,PLAY
135,135,2024-03-27,wwwjmthompsoncom,United States,PLAY
136,136,2024-03-27,,Poland,PLAY
137,137,2024-03-27,wwwpavilionconstructioncom,United States,PLAY
138,138,2024-03-27,wwwboingographicscom,United States,PLAY
139,139,2024-03-11,wwwpremiertechnologynet,United States,PLAY
140,140,2024-03-11,wwwsreecom,United States,PLAY
141,141,2024-03-11,wwwbridgerinscom,United States,PLAY
142,142,2024-03-11,wwwbitecsmicom,United States,PLAY
143,143,2024-03-11,wwwqigroupca,Canada,PLAY
144,144,2024-06-23,wwwharveyconstcom,United States,PLAY
145,145,2024-06-23,wwwtpicorpcom,United States,PLAY
146,146,2024-06-13,wwwsrfirmscom,United States,PLAY
147,147,2024-06-13,wwwchromacolorscom,United States,PLAY
148,148,2024-06-13,wwwpeteatlantacom,United States,PLAY
149,149,2024-06-13,wwwglitcom,United States,PLAY
150,150,2024-06-13,wwweaglematerialscom,United States,PLAY
151,151,19994:,wwwbrainworkscom,United States,PLAY
152,152,2024-06-13,www3glca,Canada,PLAY
153,153,2024-06-13,wwwfreightbillauditorcom,United States,PLAY
154,154,2024-06-13,wwwwestmechhvaccom,United States,PLAY
155,155,2024-06-13,wwwseagulfcom,Canada,PLAY
156,156,2024-03-01,wwwskylandgraincom,United States,PLAY
157,157,2024-02-29,wwwgilmoreassoccom,United States,PLAY
158,158,:,United,"Massachusetts,",PLAY
159,159,2024-02-15,wwwmeerservicesnl,Netherlands,PLAY
160,160,2024-02-15,wwwonclusivecom,United States,PLAY
161,161,2024-02-15,wwwmechrepscom,United States,PLAY
162,162,38158:,wwwhrewellcom,United States,PLAY
163,163,2024-02-15,wwwnorfoxchemcom,United States,PLAY
164,164,2024-02-15,wwwvonhagennet,Germany,PLAY
165,165,2024-02-15,wwwlddaviscom,United States,PLAY
166,166,2024-02-05,wwwleadersstaffingcom,United States,PLAY
167,167,2024-02-05,wwwdclorg,United States,PLAY
168,168,2024-03-01,wwwskylandgraincom,United States,PLAY
169,169,2024-02-29,wwwgilmoreassoccom,United States,PLAY
170,170,:,United,"Massachusetts,",PLAY
171,171,2024-02-15,wwwmeerservicesnl,Netherlands,PLAY
172,172,2024-02-15,wwwonclusivecom,United States,PLAY
173,173,2024-02-15,wwwmechrepscom,United States,PLAY
174,174,38158:,wwwhrewellcom,United States,PLAY
175,175,2024-02-15,wwwnorfoxchemcom,United States,PLAY
176,176,2024-02-15,wwwvonhagennet,Germany,PLAY
177,177,2024-02-15,wwwlddaviscom,United States,PLAY
178,178,2024-02-05,wwwleadersstaffingcom,United States,PLAY
179,179,2024-02-05,wwwdclorg,United States,PLAY
180,180,2024-04-11,wwwnewwpkgcom,United States,PLAY
181,181,2024-04-11,wwwaccessintelcom,United States,PLAY
182,182,2024-04-11,wwwtheatrixxcom,Canada,PLAY
183,183,2024-04-11,wwwmoldtechrubbercom,United States,PLAY
184,184,2024-04-10,wwwfeldsteinandstewartcom,United States,PLAY
185,185,2024-04-04,wwweverbritecom,United States,PLAY
186,186,2024-04-04,wwwguysfloorcom,United States,PLAY
187,187,2024-04-04,wwwsitnsleepcom,United States,PLAY
188,188,2024-03-27,wwwlambdaenergyllccom,United States,PLAY
189,189,2024-03-27,wwwlsrlcom,United States,PLAY
190,190,2024-03-27,wwwqualityenclosurescom,United States,PLAY
191,191,2024-03-27,wwwhartzcom,United States,PLAY
192,192,2024-08-12,wwwgridsmecom,United States,PLAY
193,193,2024-08-11,wwwtelpro1com,United States,PLAY
194,194,2024-08-10,wwwnilorncom,Sweden,PLAY
195,195,2024-08-10,crediblegroupcom,Canada,PLAY
196,196,2024-08-06,wwwkinetxcom,United States,PLAY
197,197,2024-08-06,wwwgranitdesigncom,Canada,PLAY
198,198,2024-08-06,wwwtrueblueenvironmentalcom,United States,PLAY
199,199,2024-08-06,wwwalternateenergyhawaiicom,United States,PLAY
200,200,2024-07-25,wwwofficeopscom,United States,PLAY
201,201,2024-07-25,wwwodysseyfitnesscentercom,United States,PLAY
202,202,12672:,wwwgoldenbusinesscom,United States,PLAY
203,203,2024-07-25,wwwgendroncorpcom,United States,PLAY
204,204,2024-04-26,wwwyalemortgagecom,United States,PLAY
205,205,2024-04-26,wwwprecisionfluidcontrolscom,United States,PLAY
206,206,2024-04-26,wwworiginalherkimercheesecom,United States,PLAY
207,207,2024-04-26,wwwaxipcom,United States,PLAY
208,208,2024-04-19,wwweaminccom,United States,PLAY
209,209,2024-04-19,wwwpaconventioncom,United States,PLAY
210,210,2024-04-19,wwwsisautomatiseringnl,Netherlands,PLAY
211,211,2024-04-19,wwwalltruckbodiescomau,Australia,PLAY
212,212,2024-04-19,wwwjeowenscom,United States,PLAY
213,213,2024-04-12,wwwheritagecooperativecom,United States,PLAY
214,214,2024-04-11,wwwmbtwcom,Canada,PLAY
215,215,2024-04-11,wwwlsnetworksnet,United States,PLAY
216,216,2024-07-25,wwwgwextrusionscom,United States,PLAY
217,217,2024-07-25,wwwwilliamsconstcom,United States,PLAY
218,218,2024-07-25,wwwcompactmouldcom,Canada,PLAY
219,219,2024-07-25,wwwitstaffingcom,United States,PLAY
220,220,2024-07-17,wwwmipscom,United States,PLAY
221,221,2024-07-17,wwwhaydenpowercom,United States,PLAY
222,222,2024-07-17,wwwcongoleumcom,United States,PLAY
223,223,2024-07-11,wwwtpicorpcom,United States,PLAY
224,224,2024-07-11,www21stcenturyenergygroupcom,United States,PLAY
225,225,2024-07-11,wwwtexasecorg,United States,PLAY
226,226,2024-07-11,wwwhypericecom,United States,PLAY
227,227,2024-07-04,wwwfareriassociatescom,United States,PLAY
228,228,2024-03-01,wwwinfluencecommunicationcom,Canada,PLAY
229,229,2024-03-01,wwwcoastalcarcom,United States,PLAY
230,230,2024-03-01,wwwmarketoncom,United States,PLAY
231,231,2024-03-01,wwwcompactmouldcom,Canada,PLAY
232,232,2024-03-01,wwwnesmcocom,United States,PLAY
233,233,2024-03-01,wwwredrivertitlecom,United States,PLAY
234,234,2024-03-01,wwwhedlundspapperse,Sweden,PLAY
235,235,2024-03-01,wwwwinonapatterncom,United States,PLAY
236,236,2024-03-01,wwwtransplusio,Canada,PLAY
237,237,2024-03-01,wwwpowillcom,United States,PLAY
238,238,2024-03-01,wwwaawirelessus,United States,PLAY
239,239,2024-03-01,wwwamericannutscom,United States,PLAY
240,240,2024-05-07,wwwraymonhvaccom,United States,PLAY
241,241,2024-05-07,wwwsomervilleinccom,United States,PLAY
242,242,2024-05-07,wwwmauritzonnet,United States,PLAY
243,243,2024-05-07,wwwhpsllcus,United States,PLAY
244,244,2024-05-07,wwwcentralcivilcom,United States,PLAY
245,245,2024-05-03,wwwstainlessfoundrycom,United States,PLAY
246,246,2024-04-30,wwwprofileproductscom,United States,PLAY
247,247,2024-04-30,wwwnetabncom,United States,PLAY
248,248,2024-04-30,wwwcanatalnet,United States,PLAY
249,249,2024-04-26,wwwnewhudsonfacadescom,United States,PLAY
250,250,2024-04-26,wwwtoolmartscom,United States,PLAY
251,251,2024-04-26,wwwlbdcstatenyus,United States,PLAY
252,252,2024-05-22,wwwfreemancompanycom,United States,PLAY
253,253,2024-05-22,wwwaspiretaxcom,United States,PLAY
254,254,2024-05-22,wwwsamorzadgovpl,Poland,PLAY
255,255,2024-05-22,wwwtristategccom,United States,PLAY
256,256,2024-05-22,wwwryderscottcom,United States,PLAY
257,257,2024-05-10,wwwbadgertagcom,United States,PLAY
258,258,2024-05-10,wwwnkpartscom,United States,PLAY
259,259,2024-05-10,wwwlivehelpnownet,United States,PLAY
260,260,2024-05-07,wwwsentrydatamgtcom,United States,PLAY
261,261,2024-05-07,wwwkcscoutnet,United States,PLAY
262,262,2024-05-07,wwwuticamackcom,United States,PLAY
263,263,2024-05-07,wwwapbservicescom,United States,PLAY
264,0,2024-09-29,markdom.com,United States,RansomHub
265,1,2024-09-28,rockymountaingastro.com,United States,RansomHub
266,2,2024-09-28,www.contegritygroup.com,United States,RansomHub
267,3,2024-09-27,PipelBiz.com,Canada,RansomHub
268,4,2024-09-26,www.naniwa-pump.co.jp,Japan,RansomHub
269,5,2024-09-26,www.vbrlogistica.com.br,Brazil,RansomHub
270,6,2024-09-26,www.careco.se,Sweden,RansomHub
271,7,2024-09-26,www.tokiwa-group.co.jp,Japan,RansomHub
272,8,2024-09-26,www.law-taxes.pl,Poland,RansomHub
273,9,2024-09-24,appweb.usinacoruripe.com.br,Brazil,RansomHub
274,10,2024-09-24,libraries.delaware.gov,United States,RansomHub
275,11,2024-09-14,tellurianinc.org,United States,RansomHub
276,12,2024-09-23,bakpilic.com.tr,Turkey,RansomHub
277,13,2024-09-20,aroma.com.tr,Turkey,RansomHub
278,14,2024-08-28,www.quenotedeporten.com,Denmark,RansomHub
279,15,2024-09-16,www.taperuvicha.com,Argentina,RansomHub
280,16,2024-09-16,www.8010urbanliving.com,United States,RansomHub
281,17,2024-09-16,www.adantia.es,Spain,RansomHub
282,18,2024-09-16,www.faithfc.org,United States,RansomHub
283,19,2024-09-16,www.tta.cls,United States,RansomHub
284,20,2024-09-16,kryptonresources.com,United States,RansomHub
285,21,2024-09-16,oipip.gda.pl,Poland,RansomHub
286,22,2024-09-07,cardiovirginia.com,United States,RansomHub
287,23,2024-09-18,virainsight.com,United States,RansomHub
288,24,2024-09-19,rarholding.com,Norway,RansomHub
289,25,2024-09-19,advbe.com,United States,RansomHub
290,26,2024-09-19,avl1.com,United States,RansomHub
291,27,2024-09-17,www.nikpol.com.au,Australia,RansomHub
292,28,2024-09-17,www.plumbersstock.com,United States,RansomHub
293,29,2024-09-13,capecodacademy.org,United States,RansomHub
294,30,2024-09-16,topdoctors.com,United States,RansomHub
295,31,2024-09-10,lafuturasrl.it,Italy,RansomHub
296,32,2024-09-10,advantagecdc.org,Canada,RansomHub
297,33,2024-09-10,accuraterailroad.com,United States,RansomHub
298,34,2024-09-07,www.atlcc.net,United States,RansomHub
299,35,2024-09-12,www.southeasternretina.com,United States,RansomHub
300,36,2024-09-12,mechdyne.com,United States,RansomHub
301,37,2024-09-12,thornton-inc.com,United States,RansomHub
302,38,2024-09-10,allamericanpoly.com,United States,RansomHub
303,39,2024-09-10,www.vinatiorganics.com,United States,RansomHub
304,40,2024-09-06,americagraphics.com,United States,RansomHub
305,41,2024-09-09,www.avf-biomedical.com,United States,RansomHub
306,42,2024-09-09,www.iiitd.ac.in,India,RansomHub
307,43,2024-09-09,www.unige.it,Italy,RansomHub
308,44,2024-09-05,briedis.lt,Lithuania,RansomHub
309,45,2024-09-05,tri-tech.us,United States,RansomHub
310,46,2024-09-05,cbt-gmbh.de,Germany,RansomHub
311,47,2024-09-05,inorde.com,United States,RansomHub
312,48,2024-09-05,cps-k12.org,United States,RansomHub
313,49,2024-09-05,Inglenorth.co.uk,United Kingdom,RansomHub
314,50,2024-09-05,phdservices.net,United States,RansomHub
315,51,2024-09-05,kawasaki.eu,Germany,RansomHub
316,52,2024-09-05,www.towellengineering.net,United States,RansomHub
317,53,2024-09-05,www.parknfly.ca,Canada,RansomHub
318,54,2024-09-04,www.galgorm.com,Northern Ireland,RansomHub
319,55,2024-09-04,www.bennettcurrie.co.nz,New Zealand,RansomHub
320,56,2024-09-04,plannedparenthood.org,United States,RansomHub
321,57,2024-09-03,gardenhomesmanagement.com,United States,RansomHub
322,58,2024-08-29,wilmingtoncc.org,United States,RansomHub
323,59,2024-09-02,www.pokerspa.it,Italy,RansomHub
324,60,2024-09-02,www.sanyo-bussan.co.jp,Japan,RansomHub
325,61,2024-09-02,www.amberbev.com,United States,RansomHub
326,62,2024-09-02,Removal.AI,United States,RansomHub
327,63,2024-09-02,www.sanyo-av.com<Taiwan>,Taiwan,RansomHub
328,64,2024-08-27,www.electriforce.com,Canada,RansomHub
329,65,2024-09-02,www.schneider.ch,Switzerland,RansomHub
330,66,2024-08-29,ciot.com,United States,RansomHub
331,67,2024-08-31,www.nissan-dubai.com,United Arab Emirates,RansomHub
332,68,2024-08-30,grant-associates.uk.com,United Kingdom,RansomHub
333,69,2024-08-30,www.lfewines.com,United States,RansomHub
334,70,2024-08-30,www.gruyeria.ch,Switzerland,RansomHub
335,71,2024-08-30,www.fenceauthority.com,United States,RansomHub
336,72,2024-08-30,www.johnkellys.com,United States,RansomHub
337,73,2024-08-30,www.iph-bet.fr,France,RansomHub
338,74,2024-08-30,www.suvacity.org,South Africa,RansomHub
339,75,2024-08-30,www.primariatm.ro,Romania,RansomHub
340,76,2024-08-30,www.mineduc.gob.gt,Guatemala,RansomHub
341,77,2024-08-30,www.swinburne.edu,Australia,RansomHub
342,78,2024-08-30,www.iiitd.ac.in,India,RansomHub
343,79,2024-08-30,www.ramoncorripio.com,Spain,RansomHub
344,80,2024-08-30,www.timortelecom.tl,Togo,RansomHub
345,81,2024-08-30,www.citebd.org,Bangladesh,RansomHub
346,82,2024-08-17,glasstile.com,United Kingdom,RansomHub
347,83,2024-08-26,rainierarms.com,United States,RansomHub
348,84,2024-08-27,www.chwa.com.tw,Taiwan,RansomHub
349,85,2024-08-27,www.polycohealthline.com,Canada,RansomHub
350,86,2024-08-27,dpfza.gov.dj,Djibouti,RansomHub
351,87,2024-08-26,www.spie-tec.de,Germany,RansomHub
352,88,2024-08-26,htsusa.com,United States,RansomHub
353,89,2024-08-26,www.smarterp.com<Auction>,United States,RansomHub
354,90,2024-07-09,www.alabamaplate.com,United States,RansomHub
355,91,2024-08-25,prasarana.com.my,Malaysia,RansomHub
356,92,2024-08-22,saudi arabia(general secretariat of the military service council),Saudi Arabia,RansomHub
357,93,2024-08-21,www.banhampoultry.co.uk,United Kingdom,RansomHub
358,94,2024-08-20,capitalfund1.com,United States,RansomHub
359,95,2024-08-20,blowerdempsay.com,United States,RansomHub
360,96,2024-08-20,inlighten.net<Disclose>,United States,RansomHub
361,97,2024-08-18,ccsdschools.com<disclose>,United States,RansomHub
362,98,2024-08-14,imobesidade.com.br,Brazil,RansomHub
363,99,2024-08-17,www.manotherm.ie,Ireland,RansomHub
364,100,2024-08-17,www.netconfig.co.za,South Africa,RansomHub
365,101,2024-08-17,www.regentcaravans.com.au,Australia,RansomHub
366,102,2024-08-17,www.gmchc.org,United States,RansomHub
367,103,2024-08-17,www.martinswood.herts.sch.uk,United Kingdom,RansomHub
368,104,2024-08-17,www.allanmcneill.co.nz,New Zealand,RansomHub
369,105,2024-08-17,www.lennartsfors.com,Sweden,RansomHub
370,106,2024-08-17,www.albynhousing.org.uk,United Kingdom,RansomHub
371,107,2024-08-16,www.vinakom.com,Vietnam,RansomHub
372,108,2024-08-15,nrcollecties.nl,Netherlands,RansomHub
373,109,2024-08-16,www.patelco.org<Disclose>,United States,RansomHub
374,110,2024-08-15,www.aaconsultinc.com,United States,RansomHub
375,111,2024-08-14,ljglaw.com,United States,RansomHub
376,112,2024-08-15,www.atwoodcherny.com,United States,RansomHub
377,113,2024-08-15,www.isnart.it,Italy,RansomHub
378,114,2024-08-14,police.praca.gov.pl,Poland,RansomHub
379,115,2024-08-12,bedford.k12.oh.us,United States,RansomHub
380,116,2024-08-13,welevelup.com,United States,RansomHub
381,117,2024-08-11,naturalcuriosities.com,United States,RansomHub
382,118,2024-08-11,Jeffersoncountyclerk.org,United States,RansomHub
383,119,2024-08-09,alliuminteriors.co.nz,New Zealand,RansomHub
384,120,2024-07-14,lmgroup.com<Disclose>,United States,RansomHub
385,121,2024-08-09,kempe.com.au,Australia,RansomHub
386,122,2024-08-09,dhcgrp.com,United States,RansomHub
387,123,2024-07-25,mrhme.org,United States,RansomHub
388,124,2024-08-08,golfoy.com,United States,RansomHub
389,125,2024-08-06,pierrediamonds.com.au,Australia,RansomHub
390,126,2024-08-08,inv-dar.com,United States,RansomHub
391,127,2024-08-08,rationalenterprise.com<disclose>,United States,RansomHub
392,128,2024-08-02,modernceramics.com,United States,RansomHub
393,129,2024-08-07,hudsoncivil.com.au,Australia,RansomHub
394,130,2024-08-07,amplicon.com,United States,RansomHub
395,131,2024-08-06,infotexim.pe<Auction>,Peru,RansomHub
396,132,2024-08-06,www.sobha.com,India,RansomHub
397,133,2024-08-02,retaildatallc.com,United States,RansomHub
398,134,2024-07-31,www.bahia-principe.com,Mexico,RansomHub
399,135,2024-07-12,www.normandydiesel.fr,France,RansomHub
400,136,2024-08-01,effinghamschools.com,United States,RansomHub
401,137,2024-08-01,mcdowallaffleck.com.au,Australia,RansomHub
402,138,2024-07-31,nydj.com,Canada,RansomHub
403,139,2024-07-31,wgma.org,United States,RansomHub
404,140,2024-07-30,verwarmingheyndrickx.be,Belgium,RansomHub
405,141,2024-07-29,labor-koblenz.de,Germany,RansomHub
406,142,2024-07-26,www.castelligroup.com,United States,RansomHub
407,143,2024-07-26,www.whittakersystem.com,United States,RansomHub
408,144,2024-07-22,www.neurologicalinstitute.com,United States,RansomHub
409,145,2024-07-24,oficina.oficinadasfinancas.com.br,Brazil,RansomHub
410,146,2024-07-23,bpjaguar.com,United States,RansomHub
411,147,2024-07-23,ach.co.th,Thailand,RansomHub
412,148,2024-07-25,baytoti.com,Romania,RansomHub
413,149,2024-07-25,cminsulation.com,Canada,RansomHub
414,150,2024-07-25,panitchlaw.com,United States,RansomHub
415,151,2024-07-23,sigmacontrol.eu,Czech Republic,RansomHub
416,152,2024-07-20,www.byzan.com,Sweden,RansomHub
417,153,2024-07-20,www.garudafood.com,Indonesia,RansomHub
418,154,2024-07-19,www.kumagaigumi.co.jp,Japan,RansomHub
419,155,2024-07-16,www.glowfm.nl,Netherlands,RansomHub
420,156,2024-07-16,www.newcastlewa.gov,Australia,RansomHub
421,157,2024-07-16,metalfrio.com.br,Brazil,RansomHub
422,158,2024-07-14,www.erma-rtmo.it,Italy,RansomHub
423,159,2024-07-18,pgd.pl,Poland,RansomHub
424,160,2024-07-16,hlbpr.com,United States,RansomHub
425,161,2024-07-16,ceopag.com.br / ceofood.com.br,Brazil,RansomHub
426,162,2024-07-16,www.cameronhodges.com,United States,RansomHub
427,163,2024-07-16,www.benchinternational.com,United States,RansomHub
428,164,2024-07-02,www.zepter.de,Germany,RansomHub
429,165,2024-07-11,www.riteaid.com,United States,RansomHub
430,166,2024-07-11,www.eurostrand.de,Germany,RansomHub
431,167,2024-07-11,www.lynchaluminum.com,United States,RansomHub
432,168,2024-07-11,www.netavent.dk,Denmark,RansomHub
433,169,2024-07-11,www.bfcsolutions.com,United States,RansomHub
434,170,2024-06-19,aedifica.com,United States,RansomHub
435,171,2024-07-03,baiminstitute.org,United States,RansomHub
436,172,2024-07-03,www.swcs-inc.com,United States,RansomHub
437,173,2024-03-29,eni.com&mellitahog.ly,Italy,RansomHub
438,174,2024-07-02,www.daesangamerica.com,South Korea,RansomHub
439,175,2024-06-29,www.hauptmann.at,Austria,RansomHub
440,176,2024-06-29,www.finecopneumatica.com,Romania,RansomHub
441,177,2024-07-01,www.sfmedical.de,Germany,RansomHub
442,178,2024-07-01,www.nttdata.ro,Romania,RansomHub
443,179,2024-07-01,floridahealth.gov,United States,RansomHub
444,180,2024-06-28,Spandex.com,United States,RansomHub
445,181,2024-06-27,midamea.com<Auction>,United States,RansomHub
446,182,2024-06-24,equinocioplay.com.br,Brazil,RansomHub
447,183,2024-06-01,www.sicoob.com.br<Updated>,Brazil,RansomHub
448,184,2024-06-27,www.cipl.org.in,India,RansomHub
449,185,2024-06-26,daniellegroup.com,United States,RansomHub
450,186,2024-06-23,coca-cola.com - Myanmar office,Myanmar,RansomHub
451,187,2024-06-27,www.cloudeurope.it,Italy,RansomHub
452,188,2024-06-26,www.mangimifusco.it,Italy,RansomHub
453,189,2024-06-24,www.harrisranchbeef.com,United States,RansomHub
454,190,2024-06-17,bitzsoftwares.com.br,Brazil,RansomHub
455,191,2024-06-13,multi-wing.com,United States,RansomHub
456,192,2024-06-19,www.invisio.com,Canada,RansomHub
457,193,2024-06-17,www.liderit.es,Spain,RansomHub
458,194,2024-06-16,parlorenzo.com,Italy,RansomHub
459,195,2024-06-20,www.gbricambi.it [UPDATE],Italy,RansomHub
460,196,2024-06-11,smicusa.com,United States,RansomHub
461,197,2024-06-11,www.novabitsrl.it,Italy,RansomHub
462,198,2024-06-05,www.ugrocapital.com,United States,RansomHub
463,199,2024-05-13,www.crezit.com,United States,RansomHub
464,200,2024-05-29,www.clevo.com.tw<Disclose>,Taiwan,RansomHub
465,201,2024-06-01,Frontier.com,United States,RansomHub
466,202,2024-05-28,www.bjurholm.se,Sweden,RansomHub
467,203,2024-05-28,www.psgbdvor.rs,Serbia,RansomHub
468,204,2024-05-26,www.christies.com<SOLD>,United Kingdom,RansomHub
469,205,2024-05-20,www.acslabtest.com,United States,RansomHub
470,206,2024-05-20,www.throttleup.io,United States,RansomHub
471,207,2024-05-20,www.brittanyhorne.com,United States,RansomHub
472,208,2024-05-19,www.mataderodegijon.es,Spain,RansomHub
473,209,2024-05-17,www.houstonwastesolutions.com,United States,RansomHub
474,210,2024-05-16,www.eastshoresound.com,United States,RansomHub
475,211,2024-05-15,www.chuoss.co.jp,Japan,RansomHub
476,212,2024-05-15,www.oriux.com,France,RansomHub
477,213,2024-05-14,www.neodesha.org,United States,RansomHub
478,214,2024-05-14,www.rockymountainsales.com,United States,RansomHub
479,215,2024-05-14,www.eucatex.com.br,Brazil,RansomHub
480,216,2024-05-13,www.confins.com.br,Brazil,RansomHub
481,217,2024-05-13,OKUANT - okuant.com,China,RansomHub
482,218,2024-05-08,iseta.fr,France,RansomHub
483,219,2024-05-07,www.lalengineering.com,India,RansomHub
484,220,2024-05-06,www.portosaofrancisco.com.br,Brazil,RansomHub
485,221,2024-05-05,www.kamojou.co.za,South Africa,RansomHub
486,222,2024-05-04,www.thaayakam.co.uk,United Kingdom,RansomHub
487,223,2024-05-02,www.extraco.ae,United Arab Emirates,RansomHub
488,224,2024-04-26,www.polaris.es,Spain,RansomHub
489,225,2024-04-25,www.jutebag.co.uk,United Kingdom,RansomHub
490,226,2024-04-25,www.precisiontimesystems.com,United States,RansomHub
491,227,2024-04-25,www.designintoto.com.au,Australia,RansomHub
492,228,2024-04-24,www.europeanprof.es,Spain,RansomHub
493,229,2024-04-22,www.harmanrealtors.com,United States,RansomHub
494,230,2024-04-22,nepa.gov.af&dfr.gov.af,Afghanistan,RansomHub
495,231,2024-04-17,www.fabricainfo.com,United States,RansomHub
496,232,2024-04-16,www.grupocuevas.es,Spain,RansomHub
497,233,2024-04-13,www.eebpsa.com.co,Colombia,RansomHub
498,234,2024-04-12,www.robesoncoso.org,United States,RansomHub
499,235,2024-04-09,www.cyncsolutions.com,United States,RansomHub
500,236,2024-04-09,"Baca County Feedyard, Inc",United States,RansomHub
501,237,2024-04-08,www.skywaycoach.ca,Canada,RansomHub
502,238,2024-04-08,www.farmaciaflorio.com,Italy,RansomHub
503,239,2024-04-07,www.nrshealthcare.com,United States,RansomHub
504,240,2024-04-06,www.hcisystems.net,United States,RansomHub
505,241,2024-04-06,www.betteraccountingsolutions.com,United States,RansomHub
506,242,2024-04-04,www.aretusamilano.it,Italy,RansomHub
507,243,2024-04-03,www.agenciahost.com,Brazil,RansomHub
508,244,2024-04-02,www.constelacion.com.sv,El Salvador,RansomHub
509,245,2024-03-28,www.avantit.no,Norway,RansomHub
510,246,2024-03-22,www.pgesco.com,United States,RansomHub
511,247,2024-03-22,www.wisd.net,United States,RansomHub
512,248,2024-03-20,www.industrialdealimentos.com,Brazil,RansomHub
513,249,2024-03-20,www.lapastina.com,Spain,RansomHub
514,250,2024-03-12,www.kovra.com.my,Malaysia,RansomHub
515,251,2024-03-11,www.computan.com,Canada,RansomHub
516,252,2024-03-10,www.scadea.com,Sweden,RansomHub
517,253,2024-03-09,www.go4kora.tv,Korea,RansomHub
518,254,2024-03-08,www.rekamy.com,Turkey,RansomHub
519,255,2024-03-08,www.dvttechnologyltd.com,India,RansomHub
520,256,2024-03-07,www.siea.sk,Slovakia,RansomHub
521,257,2024-03-07,www.spmundi.com.br,Brazil,RansomHub
522,258,2024-03-06,www.merchant.id,Australia,RansomHub
523,259,2024-02-28,www.shootinghouse.com.br,Brazil,RansomHub
524,260,2024-02-26,www.headwaterco.com,United States,RansomHub
525,261,2024-02-23,www.al-shefafarm.ro(SOLD),Romania,RansomHub
526,262,2024-02-07,www.ykp.com.br,Brazil,RansomHub
527,0,2024-09-28,salaam.af,Afghanistan,Lockbit3
528,1,2024-09-28,dowley.com,Australia,Lockbit3
529,2,2024-09-28,apexbrasil.com.br,Brazil,Lockbit3
530,3,2024-09-28,fivestarproducts.com,United States,Lockbit3
531,4,2024-09-28,nfcaa.org,United States,Lockbit3
532,5,2024-09-28,bspcr.com,United States,Lockbit3
533,6,2024-09-28,lakelandchamber.com,United States,Lockbit3
534,7,2024-09-28,yesmoke.eu,United Kingdom,Lockbit3
535,8,2024-09-28,efile.com,United States,Lockbit3
536,9,2024-09-28,chcm.us,United States,Lockbit3
537,10,2024-09-28,oleopalma.com.mx,Mexico,Lockbit3
538,11,2024-09-28,kumhotire.com,South Korea,Lockbit3
539,12,2024-09-15,rhp.com.br,Brazil,Lockbit3
540,13,2024-09-15,nhbg.com.co,Colombia,Lockbit3
541,14,2024-09-04,robesoncoso.org,United States,Lockbit3
542,15,2024-09-04,designintoto.com.au,Australia,Lockbit3
543,16,2024-09-04,jutebag.co.uk,United Kingdom,Lockbit3
544,17,2024-09-04,akanea.com,France,Lockbit3
545,18,2024-09-04,fanningfanning.com,United States,Lockbit3
546,19,2024-09-04,gbricambi.it,Italy,Lockbit3
547,20,2024-08-30,alconca.com.ve,Venezuela,Lockbit3
548,21,2024-08-30,tdsb.on.ca,Canada,Lockbit3
549,22,2024-08-30,sampoernaagro.com,Indonesia,Lockbit3
550,23,2024-08-30,albanybank.com,United States,Lockbit3
551,24,2024-08-30,bridgestoneamericas.com,United States,Lockbit3
552,25,2024-08-30,hphood.com,United States,Lockbit3
553,26,2024-08-30,inces.com,United States,Lockbit3
554,27,2024-08-30,pkf.com.au,Australia,Lockbit3
555,28,2024-08-22,nicholsfleet.com,United States,Lockbit3
556,29,2024-08-22,policiaauxiliarcusaem.com.mx,Mexico,Lockbit3
557,30,2024-08-22,aerworldwide.com,United States,Lockbit3
558,31,2024-08-12,fcl.crs,Canada,Lockbit3
559,32,2024-08-12,kierlcpa.com,United States,Lockbit3
560,33,2024-08-12,kronospublic.com,United States,Lockbit3
561,34,2024-08-12,dmmerch.com,United States,Lockbit3
562,35,2024-08-12,luisoliveras.com,Spain,Lockbit3
563,36,2024-08-12,legacycpas.com,United States,Lockbit3
564,37,2024-08-12,allweatheraa.com,United States,Lockbit3
565,38,2024-08-12,soprema.com,France,Lockbit3
566,39,2024-08-12,exol-lubricants.com,United States,Lockbit3
567,40,2024-08-12,fremontschools.net,United States,Lockbit3
568,41,2024-08-12,acdcexpress.com,United States,Lockbit3
569,42,2024-08-12,clinicatezza.com.pe,Peru,Lockbit3
570,43,2024-08-12,divaris.com,Italy,Lockbit3
571,44,2024-08-12,sullivansteelservice.com,United States,Lockbit3
572,45,2024-08-12,johnllowery.com,United States,Lockbit3
573,46,2024-08-12,qespavements.com,United Kingdom,Lockbit3
574,47,2024-08-12,emanic.net,United States,Lockbit3
575,48,2024-08-12,brockington.leisc.sch.uk,United Kingdom,Lockbit3
576,49,2024-08-02,e21c.co.uk,United Kingdom,Lockbit3
577,50,2024-08-02,glnf.fr,France,Lockbit3
578,51,2024-08-02,sandytownshippolice.org,United States,Lockbit3
579,52,2024-08-02,atcdi.com.cn,China,Lockbit3
580,53,2024-08-02,frilot.com,France,Lockbit3
581,54,2024-08-02,pbw-india.com,India,Lockbit3
582,55,2024-08-02,agapefrance.org,France,Lockbit3
583,56,2024-08-02,ciberviaxesespecial.net,Mexico,Lockbit3
584,57,2024-08-02,eastern-sales.com,United States,Lockbit3
585,58,2024-07-24,tccfleet.com,United States,Lockbit3
586,59,2024-07-24,petroassist.co.uk,United Kingdom,Lockbit3
587,60,2024-07-18,lockbit.newcontacts,United States,Lockbit3
588,61,2024-07-18,norton.k12.ma.us,United States,Lockbit3
589,62,2024-07-18,energateinc.com,United States,Lockbit3
590,63,2024-07-18,plantmachineworks.com,United States,Lockbit3
591,64,2024-07-18,piedmonthoist.com,United States,Lockbit3
592,65,2024-07-18,gptchb.org,Canada,Lockbit3
593,66,2024-07-18,assih.com,Russia,Lockbit3
594,67,2024-07-18,wattlerange.sa.gov.au,Australia,Lockbit3
595,68,2024-07-18,claycountyin.gov,United States,Lockbit3
596,69,2024-07-18,iteam.gr,Greece,Lockbit3
597,70,2024-07-18,albonanova.at,Austria,Lockbit3
598,71,2024-07-18,lothar-rapp.de,Germany,Lockbit3
599,72,2024-07-18,goldstarmetal.com,Australia,Lockbit3
600,73,2024-07-18,glsco.com,Canada,Lockbit3
601,74,2024-07-18,paysdelaloire.fr,France,Lockbit3
602,75,2024-07-18,troyareasd.org,United States,Lockbit3
603,76,2024-07-18,barkingwell.gr,Greece,Lockbit3
604,77,2024-07-18,fbrlaw.com,United States,Lockbit3
605,78,2024-07-18,customssupport.be,Belgium,Lockbit3
606,79,2024-07-18,joliet86.org,United States,Lockbit3
607,80,2024-07-16,concorddirect.com,United States,Lockbit3
608,81,2024-07-16,townandforest.co.uk,United Kingdom,Lockbit3
609,82,2024-07-09,ws-stahl.eu,Germany,Lockbit3
610,83,2024-07-09,homelandvinyl.com,United States,Lockbit3
611,84,2024-07-09,eicher.in,India,Lockbit3
612,85,2024-07-09,noab.nl,Netherlands,Lockbit3
613,86,2024-07-02,latinusa.co.id,Indonesia,Lockbit3
614,87,2024-07-02,kbc-zagreb.hr,Croatia,Lockbit3
615,88,2024-07-02,merrymanhouse.org,United States,Lockbit3
616,89,2024-07-02,fairfieldmemorial.org,United States,Lockbit3
617,90,2024-06-26,competenz.co.nz,New Zealand,Lockbit3
618,91,2024-06-24,federalreserve.gov,United States,Lockbit3
619,92,2024-06-23,qftemb.com,Russia,Lockbit3
620,93,2024-06-23,test123.com,United States,Lockbit3
621,94,2024-06-23,12341.com,China,Lockbit3
622,95,2024-06-23,1122.com,China,Lockbit3
623,96,2024-06-23,1133.com,China,Lockbit3
624,97,2024-06-23,1144.com,China,Lockbit3
625,98,2024-06-23,marvell.com,United States,Lockbit3
626,99,2024-06-23,at-global.com,United States,Lockbit3
627,100,2024-06-21,1234.com,United States,Lockbit3
628,101,2024-06-21,12345.com,United States,Lockbit3
629,102,2024-06-15,universalservice,United States,Lockbit3
630,103,2024-06-12,manncorp.com,United States,Lockbit3
631,104,2024-06-07,ccmaui.org,United States,Lockbit3
632,105,2024-06-05,craigsteven.com,United States,Lockbit3
633,106,2024-06-04,naprodgroup.com,Nigeria,Lockbit3
634,107,2024-06-03,cfymca.org,United States,Lockbit3
635,108,2024-06-02,smithandcaugheys.co.nz,New Zealand,Lockbit3
636,109,2024-06-01,powertestdyno.com,United States,Lockbit3
637,110,2024-05-31,strikeusa.com,United States,Lockbit3
638,111,2024-05-31,aytosanlorenzo.es,Spain,Lockbit3
639,112,2024-05-29,heras.co.uk,United Kingdom,Lockbit3
640,113,2024-05-27,alliedtelesis.com,New Zealand,Lockbit3
641,114,2024-05-25,sunpetro.com,United States,Lockbit3
642,115,2024-05-25,cafesnovell.com,Spain,Lockbit3
643,116,2024-05-25,highwaystrust.com,Canada,Lockbit3
644,117,2024-05-25,sysroad.com,Canada,Lockbit3
645,118,2024-05-25,longviewoms.com,United States,Lockbit3
646,119,2024-05-25,multigroup.info,Russia,Lockbit3
647,120,2024-05-25,pressurejet.com,United States,Lockbit3
648,121,2024-05-25,mgops.sedziszow-mlp.pl,Poland,Lockbit3
649,122,2024-05-25,kharafiglobal.com,United States,Lockbit3
650,123,2024-05-25,bergmeister.,Germany,Lockbit3
651,124,2024-05-24,bnsgroup.co.uk,United Kingdom,Lockbit3
652,125,2024-05-24,workscapes.com,Australia,Lockbit3
653,126,2024-05-24,kns.com,United States,Lockbit3
654,127,2024-05-24,valleylandtitleco.com,United States,Lockbit3
655,128,2024-05-21,londondrugs.com,Canada,Lockbit3
656,129,2024-05-21,schmittyandsons.com,United States,Lockbit3
657,130,2024-05-21,ramfoam.com,United Kingdom,Lockbit3
658,131,2024-05-20,qualityplumbingassociates.com,United States,Lockbit3
659,132,2024-05-18,unisi.it,Italy,Lockbit3
660,133,2024-05-18,carcajou.fr,France,Lockbit3
661,134,2024-05-18,equinoxinc.org,United States,Lockbit3
662,135,2024-05-16,pricemodern.com,United States,Lockbit3
663,136,2024-05-16,valleyjoist.com,United States,Lockbit3
664,137,2024-05-16,kauffmanschool.org,United States,Lockbit3
665,138,2024-05-16,ema-eda.com,United States,Lockbit3
666,139,2024-05-16,twpunionschools.org,United States,Lockbit3
667,140,2024-05-15,epsd.org,United States,Lockbit3
668,141,2024-05-15,district70.org,United States,Lockbit3
669,142,2024-05-15,keuka.edu,United States,Lockbit3
670,143,2024-05-15,allcare-med.com,United States,Lockbit3
671,144,2024-05-15,daubertchemical.com,United States,Lockbit3
672,145,2024-05-14,morrisgroupint.com,United States,Lockbit3
673,146,2024-05-14,acla.de,Germany,Lockbit3
674,147,2024-05-13,countyins.com,United States,Lockbit3
675,148,2024-05-13,utc-silverstone.co.uk,United Kingdom,Lockbit3
676,149,2024-05-13,hesperiausd.org,United States,Lockbit3
677,150,2024-05-13,oseranhahn.com,Australia,Lockbit3
678,151,2024-05-13,jmjcorporation.com,United States,Lockbit3
679,152,2024-05-12,21stcenturyvitamins.com,United States,Lockbit3
680,153,2024-05-10,colonialsd.org,United States,Lockbit3
681,154,2024-05-09,contest.omg,United States,Lockbit3
682,155,2024-05-09,lavalpoincon.com,United States,Lockbit3
683,156,2024-05-09,wisconsinindustrialcoatings.com,United States,Lockbit3
684,157,2024-05-09,amsoft.cl,Chile,Lockbit3
685,158,2024-05-09,cultivarnet.com.br,Brazil,Lockbit3
686,159,2024-05-09,ecotruck.com.br,Brazil,Lockbit3
687,160,2024-05-09,iaconnecticut.com,United States,Lockbit3
688,161,2024-05-09,incegroup.com,United States,Lockbit3
689,162,2024-05-09,habeco.com.vn,Vietnam,Lockbit3
690,163,2024-05-09,rehub.ie,Ireland,Lockbit3
691,164,2024-05-09,torrepacheco.es,Spain,Lockbit3
692,165,2024-05-09,ccofva.com,United States,Lockbit3
693,166,2024-05-09,dagma.com.ar,Argentina,Lockbit3
694,167,2024-05-09,acla-werke.com,Germany,Lockbit3
695,168,2024-05-09,ccimp.com,Canada,Lockbit3
696,169,2024-05-09,ufresources.com,United States,Lockbit3
697,170,2024-05-09,cloudminds.com,South Korea,Lockbit3
698,171,2024-05-09,calvia.com,Spain,Lockbit3
699,172,2024-05-09,manusa.com,Canada,Lockbit3
700,173,2024-05-09,dpkv.cz,Czech Republic,Lockbit3
701,174,2024-05-09,hetero.com,United States,Lockbit3
702,175,2024-05-09,vikrantsprings.com,United States,Lockbit3
703,176,2024-05-09,doublehorse.in,India,Lockbit3
704,177,2024-05-09,iitm.ac.in,India,Lockbit3
705,178,2024-05-09,cttxpress.com,United States,Lockbit3
706,179,2024-05-09,garage-cretot.fr,France,Lockbit3
707,180,2024-05-09,hotel-ostella.com,Japan,Lockbit3
708,181,2024-05-09,vm3fincas.es,Spain,Lockbit3
709,182,2024-05-09,thaiagri.com,Thailand,Lockbit3
710,183,2024-05-09,tegaindustries.com,United States,Lockbit3
711,184,2024-05-09,kioti.com,United States,Lockbit3
712,185,2024-05-09,taylorcrane.com,United States,Lockbit3
713,186,2024-05-09,grc-c.co.il,Israel,Lockbit3
714,187,2024-05-09,mogaisrael.com,Israel,Lockbit3
715,188,2024-05-09,ultragasmexico.com,Mexico,Lockbit3
716,189,2024-05-09,eif.org.na,Namibia,Lockbit3
717,190,2024-05-09,auburnpikapp.org,United States,Lockbit3
718,191,2024-05-09,essinc.com,United States,Lockbit3
719,192,2024-05-09,depenning.com,Netherlands,Lockbit3
720,193,2024-05-09,sislocar.com,United States,Lockbit3
721,194,2024-05-09,college-stemarie-elven.org,France,Lockbit3
722,195,2024-05-09,snk.sk,Slovakia,Lockbit3
723,196,2024-05-09,mutualclubunion.com.ar,Argentina,Lockbit3
724,197,2024-05-09,rfca.com,United Kingdom,Lockbit3
725,198,2024-05-09,hpo.pe,Peru,Lockbit3
726,199,2024-05-09,spu.ac.th,Thailand,Lockbit3
727,200,2024-05-09,livia.in,India,Lockbit3
728,201,2024-05-09,cinealbeniz.com,Turkey,Lockbit3
729,202,2024-05-09,truehomesusa.com,United States,Lockbit3
730,203,2024-05-09,uniter.net,United States,Lockbit3
731,204,2024-05-09,itss.com.tr,Turkey,Lockbit3
732,205,2024-05-09,elements-ing.com,United Kingdom,Lockbit3
733,206,2024-05-09,heartlandhealthcenter.org,United States,Lockbit3
734,207,2024-05-09,dsglobaltech.com,United States,Lockbit3
735,208,2024-05-09,alian.mx,Mexico,Lockbit3
736,209,2024-05-09,evw.k12.mn.us,United States,Lockbit3
737,210,2024-05-09,mpeprevencion.com,Spain,Lockbit3
738,211,2024-05-09,binder.de,Germany,Lockbit3
739,212,2024-05-09,interfashion.it,Italy,Lockbit3
740,213,2024-05-09,vstar.in,India,Lockbit3
741,214,2024-05-09,brfibra.com,Brazil,Lockbit3
742,215,2024-05-09,museu-goeldi.br,Brazil,Lockbit3
743,216,2024-05-09,doxim.com,Canada,Lockbit3
744,217,2024-05-09,asafoot.com,United States,Lockbit3
745,218,2024-05-09,vitema.vi.gov,Vietnam,Lockbit3
746,219,2024-05-09,snapethorpeprimary.co.uk,United Kingdom,Lockbit3
747,220,2024-05-09,agencavisystems.com,United States,Lockbit3
748,221,2024-05-09,salmonesaysen.cl,Chile,Lockbit3
749,222,2024-05-09,kowessex.co.uk,United Kingdom,Lockbit3
750,223,2024-05-09,totto.com,Japan,Lockbit3
751,224,2024-05-09,randi-group.com,United States,Lockbit3
752,225,2024-05-09,grupopm.com,Brazil,Lockbit3
753,226,2024-05-09,ondozabal.com,Spain,Lockbit3
754,227,2024-05-09,orsiniimballaggi.com,Italy,Lockbit3
755,228,2024-05-09,vinatiorganics.com,India,Lockbit3
756,229,2024-05-09,peninsulacrane.com,Canada,Lockbit3
757,230,2024-05-09,brockington.leics.sch.uk,United Kingdom,Lockbit3
758,231,2024-05-09,cargotrinidad.com,Trinidad and Tobago,Lockbit3
759,232,2024-05-08,qweqwe.com,Russia,Lockbit3
760,233,2024-05-08,consultingradiologists.com,United States,Lockbit3
761,234,2024-05-07,wichita.gov,United States,Lockbit3
762,235,2024-05-07,Preventing and protecting,Australia,Lockbit3
763,236,2024-05-07,What have we been doing?,United States,Lockbit3
764,237,2024-05-07,More LB hackers exposed,United States,Lockbit3
765,238,2024-05-07,What have we learnt?,United Kingdom,Lockbit3
766,239,2024-05-07,But there's more...,Canada,Lockbit3
767,240,2024-05-07,Close,Australia,Lockbit3
768,241,2024-05-07,gorrias-mercedes-benz.fr,France,Lockbit3
769,242,2024-05-07,skanlog.com,Sweden,Lockbit3
770,243,2024-05-07,tu-ilmenau.de,Germany,Lockbit3
771,244,2024-05-07,thede-culpepper.com,United States,Lockbit3
772,245,2024-05-07,kimmelcleaners.com,United States,Lockbit3
773,246,2024-05-07,emainc.net,United States,Lockbit3
774,247,2024-05-07,southernspecialtysupply.com,United States,Lockbit3
775,248,2024-05-07,lenmed.co.za,South Africa,Lockbit3
776,249,2024-05-07,churchill-linen.com,United Kingdom,Lockbit3
777,250,2024-05-07,rollingfields.com,United States,Lockbit3
778,251,2024-05-07,srg-plc.com,United Kingdom,Lockbit3
779,252,2024-05-07,ctc-corp.net,Canada,Lockbit3
780,253,2024-05-07,uslinen.com,United States,Lockbit3
781,254,2024-05-06,ville-bouchemaine.fr,France,Lockbit3
782,255,2024-05-06,oraclinical.com,United States,Lockbit3
783,256,2024-05-06,gammarenax.ch,Switzerland,Lockbit3
784,257,2024-05-06,remagroup.com,United States,Lockbit3
785,258,2024-05-06,telekom.com,Germany,Lockbit3
786,259,2024-05-06,aev-iledefrance.fr,France,Lockbit3
787,260,2024-05-06,elarabygroup.com,Egypt,Lockbit3
788,261,2024-05-06,thebiglifegroup.com,United States,Lockbit3
789,262,2024-05-06,sonoco.com,United States,Lockbit3
790,263,2024-05-06,arcus.pl,Poland,Lockbit3
791,264,2024-05-06,acsistemas.com,Mexico,Lockbit3
792,265,2024-05-06,cpashin.com,United States,Lockbit3
793,266,2024-05-06,epr-groupe.fr,France,Lockbit3
794,267,2024-05-06,isee.biz,Russia,Lockbit3
795,268,2024-05-06,cdev.gc.ca,Canada,Lockbit3
796,269,2024-05-06,netspectrum.ca,Canada,Lockbit3
797,270,2024-05-06,qstartlabs.com,United States,Lockbit3
798,271,2024-05-06,syntax-architektur.at,Austria,Lockbit3
799,272,2024-05-06,carespring.com,United States,Lockbit3
800,273,2024-05-06,grand-indonesia.com,Indonesia,Lockbit3
801,274,2024-05-06,sunray.com,United States,Lockbit3
802,275,2024-05-06,eviivo.com,United Kingdom,Lockbit3
803,276,2024-05-06,kras.hr,Croatia,Lockbit3
804,277,2024-05-06,tdt.aero,Turkey,Lockbit3
805,278,2024-05-06,svenskakyrkan.se,Sweden,Lockbit3
806,279,2024-05-06,htcinc.com,United States,Lockbit3
807,280,2024-05-06,irc.be,Belgium,Lockbit3
808,281,2024-05-06,geotechenv.com,Norway,Lockbit3
809,282,2024-05-06,ishoppes.com,United States,Lockbit3
810,283,2024-05-06,parat-techology.com,United States,Lockbit3
811,284,2024-05-06,getcloudapp.com,United States,Lockbit3
812,285,2024-05-06,yucatan.gob.mx,Mexico,Lockbit3
813,286,2024-05-01,hookerfurniture.com,United States,Lockbit3
814,287,2024-05-01,alimmigration.com,United States,Lockbit3
815,288,2024-05-01,anatomage.com,United States,Lockbit3
816,289,2024-05-01,bluegrasstechnologies.net,United States,Lockbit3
817,290,2024-05-01,colonial.edu,United States,Lockbit3
818,291,2024-05-01,cordish.com,United States,Lockbit3
819,292,2024-05-01,concorr.com,United States,Lockbit3
820,293,2024-05-01,yupousa.com,United States,Lockbit3
821,294,2024-05-01,peaseinc.com,United States,Lockbit3
822,295,2024-04-30,sbsofbak.com,United States,Lockbit3
823,296,2024-04-30,ottlite.com,United States,Lockbit3
824,297,2024-04-30,ch-cannes.fr,France,Lockbit3
825,298,2024-04-26,sesenergy.org,United States,Lockbit3
826,299,2024-04-21,taylorlaw.net,United States,Lockbit3
827,300,2024-04-19,kjf-augsburg.de,Germany,Lockbit3
828,301,2024-04-19,eurosko.com,Poland,Lockbit3
829,302,2024-04-19,tascoplumbing.com,United States,Lockbit3
830,303,2024-04-19,call4health.com,United States,Lockbit3
831,304,2024-04-19,sierraconstruction.ca,Canada,Lockbit3
832,305,2024-04-18,dc.gov,United States,Lockbit3
833,306,2024-04-18,sagaciousresearch.com,United States,Lockbit3
834,307,2024-04-18,ablinc.com,United States,Lockbit3
835,308,2024-04-17,tristatetruckandequip.com,United States,Lockbit3
836,309,2024-04-17,craigwire.com,Canada,Lockbit3
837,310,2024-04-17,rehab.ie,Ireland,Lockbit3
838,311,2024-04-16,hbmolding.com,United States,Lockbit3
839,312,2024-04-15,jeyesfluid.co.uk,United Kingdom,Lockbit3
840,313,2024-04-15,ndpaper.com,Nigeria,Lockbit3
841,314,2024-04-13,countryvillahealth.com,United States,Lockbit3
842,315,2024-04-13,disb.dc.gov,United States,Lockbit3
843,316,2024-04-13,oraclecms.com,United States,Lockbit3
844,317,2024-04-10,specialoilfield.com,United States,Lockbit3
845,318,2024-04-05,truehomes.com,United States,Lockbit3
846,319,2024-04-03,casajove.com,Spain,Lockbit3
847,320,2024-04-01,anwaltskanzlei-kaufbeuren.de,Germany,Lockbit3
848,321,2024-04-01,rjcorp.in,India,Lockbit3
849,322,2024-03-31,lavelle.com,United States,Lockbit3
850,323,2024-03-27,anovahealth.com,United States,Lockbit3
851,324,2024-03-27,lifelinedatacenters.com,Canada,Lockbit3
852,325,2024-03-27,countryvillahealthservices.com,United States,Lockbit3
853,326,2024-03-27,dkpvlaw.com,United States,Lockbit3
854,327,2024-03-27,pcscivilinc.com,United States,Lockbit3
855,328,2024-03-27,krueth.de,Germany,Lockbit3
856,329,2024-03-27,tmt-mc.jp,Japan,Lockbit3
857,330,2024-03-27,nampak.net,South Africa,Lockbit3
858,331,2024-03-27,nampak.com,South Africa,Lockbit3
859,332,2024-03-26,polycab.com,India,Lockbit3
860,333,2024-03-26,regencymedia.com.au,Australia,Lockbit3
861,334,2024-03-25,wblight.com,United States,Lockbit3
862,335,2024-03-21,tmbs.ch,Switzerland,Lockbit3
863,336,2024-03-21,northerncasket.com,United States,Lockbit3
864,337,2024-03-21,pathologie-bochum.de,Germany,Lockbit3
865,338,2024-03-18,crinetics.com,United States,Lockbit3
866,339,2024-03-16,agribank.com.na,Namibia,Lockbit3
867,340,2024-03-16,triella.com,United States,Lockbit3
868,341,2024-03-16,rrib.com,United States,Lockbit3
869,342,2024-03-16,newmans-online.co.uk,United Kingdom,Lockbit3
870,343,2024-03-16,hdstrading.com,United States,Lockbit3
871,344,2024-03-16,duttonbrock.com,Canada,Lockbit3
872,345,2024-03-16,colefabrics.com,United States,Lockbit3
873,346,2024-03-16,bergmeister.eu,Germany,Lockbit3
874,347,2024-03-16,automotionshade.com,United States,Lockbit3
875,348,2024-03-16,certifiedcollection.com,United States,Lockbit3
876,349,2024-03-15,oyaksgs.com.tr,Turkey,Lockbit3
877,350,2024-03-15,elezabypharmacy.com,Egypt,Lockbit3
878,351,2024-03-14,worthenind.com,United Kingdom,Lockbit3
879,352,2024-03-14,rushenergyservices.com,United States,Lockbit3
880,353,2024-03-14,sbmandco.com,United States,Lockbit3
881,354,2024-03-14,mckimcreed.com,United States,Lockbit3
882,355,2024-03-14,moperry.com,United States,Lockbit3
883,356,2024-03-14,journeyfreight.com,United States,Lockbit3
884,357,2024-03-14,dhanisisd.net,United States,Lockbit3
885,358,2024-03-13,geruestbau.com,Germany,Lockbit3
886,359,2024-03-12,sunholdings.net,United States,Lockbit3
887,360,2024-03-11,lec-london.uk,United Kingdom,Lockbit3
888,361,2024-03-11,londonvisionclinic.com,United Kingdom,Lockbit3
889,362,2024-03-11,gpaa.gov.za,South Africa,Lockbit3
890,363,2024-03-08,redwoodcoastrc.org,United States,Lockbit3
891,364,2024-03-07,rmhfranchise.com,United States,Lockbit3
892,365,2024-03-05,sunwave.com.cn,China,Lockbit3
893,366,2024-03-05,central.k12.or.us,United States,Lockbit3
894,367,2024-03-03,jovani.com,United States,Lockbit3
895,368,2024-03-03,valoremreply.com,United States,Lockbit3
896,369,2024-03-03,earnesthealth.com,United States,Lockbit3
897,370,2024-03-03,stockdevelopment.com,United States,Lockbit3
898,371,2024-03-02,unitednotions.com,Canada,Lockbit3
899,372,2024-03-02,smuldes.com,United States,Lockbit3
900,373,2024-03-02,esser-ps.de,Germany,Lockbit3
901,374,2024-03-02,aerospace.com,United States,Lockbit3
902,375,2024-03-02,starkpower.de,Germany,Lockbit3
903,376,2024-03-02,schuett-grundei.de,Germany,Lockbit3
904,377,2024-02-29,gapsolutions.com.au,Australia,Lockbit3
905,378,2024-02-28,easternshipbuilding.com,United States,Lockbit3
906,379,2024-02-28,vertdure.com,Spain,Lockbit3
907,380,2024-02-28,sundbirsta.com,United States,Lockbit3
908,381,2024-02-27,npgandour.com,Canada,Lockbit3
909,382,2024-02-26,prattindustries.com,United States,Lockbit3
910,383,2024-02-26,silganhodlings.com,United States,Lockbit3
911,384,2024-02-26,silganholdings.com,United States,Lockbit3
912,385,2024-02-26,ernesthealth.com,United States,Lockbit3
913,386,2024-02-25,apeagers.com.au,Australia,Lockbit3
914,387,2024-02-25,dunaway.com,United States,Lockbit3
915,388,2024-02-24,magierp.com,Germany,Lockbit3
916,389,2024-02-24,crbgroup.com,Australia,Lockbit3
917,390,2024-02-24,nationaldentex.com,United States,Lockbit3
918,391,2024-02-24,equilend.com,United States,Lockbit3
919,392,2024-02-24,fbi.gov,United States,Lockbit3
920,393,2024-02-21,FR arrest warrants,France,Lockbit3
921,394,2024-02-21,Rewards for Reporting,United States,Lockbit3
922,395,2024-02-20,Cyber Choices,Australia,Lockbit3
923,396,2024-02-20,Report Cyber Attacks!,United States,Lockbit3
924,397,2024-02-20,Activity in Ukraine,Ukraine,Lockbit3
925,398,2024-02-20,Arrest in Poland,Poland,Lockbit3
926,399,2024-02-20,US Indictments,United States,Lockbit3
927,400,2024-02-20,Recovery Tool,United States,Lockbit3
928,401,2024-02-20,Lockbit Decryption Keys,Canada,Lockbit3
929,402,2024-02-20,Lockbitsupp,United States,Lockbit3
930,403,2024-02-20,LB Backend Leaks,United States,Lockbit3
931,405,2024-02-20,Closure,United States,Lockbit3
932,406,2024-02-20,Lockbit Crypto,Canada,Lockbit3
933,407,2024-02-20,Secureworks,United States,Lockbit3
934,409,2024-02-20,Account Closures,Australia,Lockbit3
935,410,2024-02-20,Prodaft,Romania,Lockbit3
936,411,2024-02-20,Lockbit's Hackers exposed,Canada,Lockbit3
937,412,2024-02-20,Affiliate infrastructure down,United States,Lockbit3
938,413,2024-02-20,StealBit down!,United Kingdom,Lockbit3
939,414,2024-02-20,Sanctions,Russia,Lockbit3
940,415,2024-02-20,Who is LockbitSupp?,Germany,Lockbit3
941,416,2024-02-19,soco.be,Belgium,Lockbit3
942,417,2024-02-19,aeromechinc.com,Canada,Lockbit3
943,418,2024-02-18,bucher-strauss.ch,Switzerland,Lockbit3
944,420,2024-02-16,spaldingssd.com,United States,Lockbit3
945,421,2024-02-16,tormetal.cl,Chile,Lockbit3
946,422,2024-02-16,theclosingagent.com,United States,Lockbit3
947,423,2024-02-15,carlfischer.com,United States,Lockbit3
948,424,2024-02-15,sitrack.com,United States,Lockbit3
949,425,2024-02-15,hatsinteriors.com,United Kingdom,Lockbit3
950,426,2024-02-15,pradiergranulats.fr,France,Lockbit3
951,427,2024-02-15,centralepaysanne.lu,Luxembourg,Lockbit3
952,428,2024-02-15,champion.com.co,Colombia,Lockbit3
953,429,2024-02-15,coreengg.com,United States,Lockbit3
954,430,2024-02-14,studiogalbusera.com,Italy,Lockbit3
955,431,2024-02-14,kabat.pl,Poland,Lockbit3
956,432,2024-02-14,wsnelson.com,United States,Lockbit3
957,433,2024-02-14,fultoncountyga.gov,United States,Lockbit3
958,434,2024-02-14,mmiculinary.com,United States,Lockbit3
959,435,2024-02-14,adioscancer.com,United States,Lockbit3
960,436,2024-02-13,motilaloswal.com,India,Lockbit3
961,437,2024-02-13,rajawali.com,Indonesia,Lockbit3
962,438,2024-02-13,universalservicesms.com,United States,Lockbit3
963,439,2024-02-13,doprastav.sk,Slovakia,Lockbit3
964,440,2024-02-13,auruminstitute.org,United States,Lockbit3
965,441,2024-02-12,tecasrl.it,Italy,Lockbit3
966,442,2024-02-12,vhprimary.com,United States,Lockbit3
967,443,2024-02-12,silverairways.com,United States,Lockbit3
968,444,2024-02-12,germaintoiture.fr,France,Lockbit3
969,445,2024-02-12,envie.org,France,Lockbit3
970,446,2024-02-12,sealco-leb.com,Lebanon,Lockbit3
971,447,2024-02-12,camarotto.it,Italy,Lockbit3
972,448,2024-02-12,paltertonprimary.co.uk,United Kingdom,Lockbit3
973,449,2024-02-12,fidcornelis.be,Belgium,Lockbit3
974,450,2024-02-12,plexustelerad.com,Sweden,Lockbit3
975,451,2024-02-12,cabc.com.ar,Argentina,Lockbit3
976,452,2024-02-12,textiles.org.tw,Taiwan,Lockbit3
977,453,2024-02-12,dienerprecisionpumps.com,United States,Lockbit3
978,454,2024-02-12,jacksonvillebeach.org,United States,Lockbit3
979,455,2024-02-12,robs.org,United States,Lockbit3
980,456,2024-02-12,parkhomeassist.co.uk,United Kingdom,Lockbit3
981,457,2024-02-12,grotonschools.org,United States,Lockbit3
982,458,2024-02-12,isspol.gov,Russia,Lockbit3
983,459,2024-02-12,lyon.co.uk,United Kingdom,Lockbit3
984,460,2024-02-11,lacolline-skincare.com,United States,Lockbit3
985,461,2024-02-10,aisg-online.com,Australia,Lockbit3
986,462,2024-02-10,verdimed.es,Spain,Lockbit3
987,463,2024-02-10,water.cc,Sweden,Lockbit3
988,464,2024-02-09,magi-erp.com,Germany,Lockbit3
989,465,2024-02-09,alfiras.com,Brazil,Lockbit3
990,466,2024-02-09,grupomoraval.com,Mexico,Lockbit3
991,467,2024-02-09,cdtmedicus.pl,Poland,Lockbit3
992,468,2024-02-09,soken-ce.co.jp,Japan,Lockbit3
993,469,2024-02-09,maximumresearch.com,United States,Lockbit3
994,470,2024-02-09,indoramaventures.com,India,Lockbit3
995,471,2024-02-09,northseayachtsupport.nl,Netherlands,Lockbit3
996,472,2024-02-09,seymourct.org,United States,Lockbit3
997,473,2024-02-09,bsaarchitects.com,United Kingdom,Lockbit3
998,474,2024-02-09,moneyadvicetrust.org,United Kingdom,Lockbit3
999,475,2024-02-09,macqueeneq.com,France,Lockbit3
1000,476,2024-02-09,galbusera.it,Italy,Lockbit3
1001,477,2024-02-08,perkinsmfg.com,United States,Lockbit3
1002,478,2024-02-08,originalfootwear.com,United States,Lockbit3
1003,479,2024-02-07,axsbolivia.com,Bolivia,Lockbit3
1004,480,2024-02-07,vimarequipment.com,United States,Lockbit3
1005,481,2024-02-05,themisbourne.co.uk,United Kingdom,Lockbit3
1006,482,2024-02-05,hutchpaving.com,United States,Lockbit3
1007,483,2024-02-05,davis-french-associates.co.uk,United Kingdom,Lockbit3
1008,484,2024-02-05,noe.wifi.at,Austria,Lockbit3
1009,485,2024-02-05,ksa-architecture.com,United States,Lockbit3
1010,486,2024-02-05,philogen.com,United States,Lockbit3
1011,487,2024-02-05,prima.com,United States,Lockbit3
1012,488,2024-02-05,logtainer.com,Germany,Lockbit3
1013,489,2024-02-05,portline.pt,Portugal,Lockbit3
1014,490,2024-02-05,semesco.com,United States,Lockbit3
1015,491,2024-02-05,ultraflexx.com,United States,Lockbit3
1016,492,2024-02-05,tgestiona.br,Brazil,Lockbit3
1017,493,2024-02-04,cxm.com,United States,Lockbit3
1018,494,2024-02-03,pbwtulsa.com,United States,Lockbit3
1019,495,2024-02-02,manitou-group.com,United States,Lockbit3
1020,496,2024-02-02,lexcaribbean.com,United States,Lockbit3
1021,497,2024-02-01,gatesshields.com,United Kingdom,Lockbit3
1022,498,2024-02-01,stemcor.com,United Kingdom,Lockbit3
1023,499,2024-02-01,manchesterfertility.com,United Kingdom,Lockbit3
1024,500,2024-02-01,taloninternational.com,United States,Lockbit3
1025,501,2024-02-01,bandcllp.com,Canada,Lockbit3
1026,502,2024-01-31,mnorch.org,United States,Lockbit3
1027,503,2024-01-31,apeagers.au,Australia,Lockbit3
1028,504,2024-01-31,derrama.org.pe,Peru,Lockbit3
1029,505,2024-01-31,sahchicago.org,United States,Lockbit3
1030,506,2024-01-31,mrm.com.mx,Mexico,Lockbit3
1031,507,2024-01-30,clackamas.edu,United States,Lockbit3
1032,508,2024-01-29,grimme.dk,Denmark,Lockbit3
1033,509,2024-01-29,ese.com,United States,Lockbit3
1034,510,2024-01-29,crowe.com.za,South Africa,Lockbit3
1035,511,2024-01-26,ehsd.org,United States,Lockbit3
1036,512,2024-01-26,securinux.net,Russia,Lockbit3
1037,513,2024-01-25,caravanclub.co.uk,United Kingdom,Lockbit3
1038,514,2024-01-24,icn-artem.com,Russia,Lockbit3
1039,515,2024-01-23,lyonshipyard.com,Australia,Lockbit3
1040,516,2024-01-23,sierrafrontgroup.com,United States,Lockbit3
1041,517,2024-01-22,davidsbridal.com,United States,Lockbit3
1042,518,2024-01-22,synnex-grp.com,United States,Lockbit3
1043,519,2024-01-22,gattoplaters.com,United States,Lockbit3
1044,520,2024-01-22,duconind.com,United States,Lockbit3
1045,521,2024-01-22,wittmann.at,Austria,Lockbit3
1046,522,2024-01-22,qtc-energy.com,Canada,Lockbit3
1047,523,2024-01-22,hughessupplyco.com,United States,Lockbit3
1048,524,2024-01-22,umi-tiles.com,United States,Lockbit3
1049,525,2024-01-22,cct.or.th,Thailand,Lockbit3
1050,526,2024-01-22,cmmt.com.tw,Taiwan,Lockbit3
1051,527,2024-01-22,shenandoahtx.us,United States,Lockbit3
1052,528,2024-01-21,stjohnrochester.org,United States,Lockbit3
1053,529,2024-01-21,bmc-cpa.com,United States,Lockbit3
1054,530,2024-01-21,subway.com,United States,Lockbit3
1055,531,2024-01-21,tvjahnrheine.de,Germany,Lockbit3
1056,532,2024-01-21,marxan.es,Spain,Lockbit3
1057,533,2024-01-21,home-waremmien.be,Belgium,Lockbit3
1058,534,2024-01-21,jasman.com.mx,Mexico,Lockbit3
1059,535,2024-01-20,wendy.mx,Mexico,Lockbit3
1060,536,2024-01-20,swiftair.com,Spain,Lockbit3
1061,537,2024-01-19,pratt.edu,United States,Lockbit3
1062,538,2024-01-19,seiu1000.org,United States,Lockbit3
1063,539,2024-01-19,dywidag.com,India,Lockbit3
1064,540,2024-01-19,jdbchina.com,China,Lockbit3
1065,541,2024-01-19,evit.edu,United States,Lockbit3
1066,542,2024-01-19,foxsemicon.com,India,Lockbit3
1067,543,2024-01-18,digipwr.com,United States,Lockbit3
1068,544,2024-01-18,jaffeandasher.com,United States,Lockbit3
1069,545,2024-01-16,millgate.co.uk,United Kingdom,Lockbit3
1070,546,2024-01-15,shinwajpn.co.jp,Japan,Lockbit3
1071,547,2024-01-15,maisonsdelavenir.com,France,Lockbit3
1072,548,2024-01-15,hosted-it.co.uk,United Kingdom,Lockbit3
1073,549,2024-01-15,vasudhapharma.com,India,Lockbit3
1074,550,2024-01-14,amenitek.com,United States,Lockbit3
1075,551,2024-01-13,turascandinavia.com,Turkey,Lockbit3
1076,552,2024-01-13,arrowinternational.com,United States,Lockbit3
1077,553,2024-01-12,olea.com,United States,Lockbit3
1078,554,2024-01-11,pactchangeslives.com,United States,Lockbit3
1079,555,2024-01-10,hartalega.com.my,Malaysia,Lockbit3
1080,556,2024-01-10,agnesb.eu,Germany,Lockbit3
1081,557,2024-01-10,twt.co.za,South Africa,Lockbit3
1082,558,2024-01-10,tiautoinvestments.co.za,South Africa,Lockbit3
1083,559,2024-01-08,mciwv.com,United States,Lockbit3
1084,560,2024-01-08,morganpilate.com,United States,Lockbit3
1085,561,2024-01-07,capitalhealth.org,United States,Lockbit3
1086,562,2024-01-05,ips-securex.com,Philippines,Lockbit3
1087,563,2024-01-02,groupe-idea.com,France,Lockbit3
