2024-09-23,wwweurobulkgr,Greece,PLAY
2024-09-23,wwwbroadgraincom,Canada,PLAY
2024-09-21,wwwtbmdfcom,United States,PLAY
2024-09-21,wwwpaccoastcom,United States,PLAY
2024-09-21,wwwomegaindustriescom,United States,PLAY
2024-09-21,wwwnobleenvirocom,United States,PLAY
2024-09-21,wwwmessecdk,Denmark,PLAY
2024-09-21,wwwjacksonpapernet,United States,PLAY
2024-09-19,wwwplaistedcompaniescom,United States,PLAY
2024-09-16,wwwmultidatalu,Luxembourg,PLAY
2024-09-16,wwwhariripontarinicom,Canada,PLAY
2024-09-16,wwwrspca,Canada,PLAY
2024-05-30,wwwntvca,Canada,PLAY
2024-05-30,wwwwalsercom,United States,PLAY
2024-05-30,wwwfplfoodcom,United States,PLAY
2024-05-29,wwwcreditcentralllccom,United States,PLAY
2024-05-22,wwwlevinportercom,United States,PLAY
2024-05-22,wwwsemicorecom,United States,PLAY
2024-05-22,wwwvisalightingcom,United States,PLAY
2024-05-22,wwwardenbrookcom,United States,PLAY
2024-05-22,wwwrdiglobalhospitalitycom,United States,PLAY
2024-05-22,wwwadncom,United States,PLAY
2024-05-22,wwwexperistgcom,United States,PLAY
2024-09-29,wwwgarveyscarpetcom,United States,PLAY
2024-09-29,wwwclassicbusinesscom,United States,PLAY
2024-09-29,wwwrubberresourcescom,United States,PLAY
2024-09-29,infracomse,Sweden,PLAY
2024-09-29,wwwgssolutionscom,United States,PLAY
2024-09-29,wwwandantexcom,United States,PLAY
2024-09-29,wwwgo4bcom,United States,PLAY
2024-09-29,wwwreuttergroupcom,Germany,PLAY
2024-09-29,wwwperformancefoodcenterscom,United States,PLAY
2024-09-29,wwwinteriorworxcommercialflooringcom,United States,PLAY
2024-09-29,wwwaffirmagencycom,United States,PLAY
2024-09-26,wwwmilehicompaniescom,United States,PLAY
2024-09-23,wwweurobulkgr,Greece,PLAY
2024-09-23,wwwbroadgraincom,Canada,PLAY
2024-09-21,wwwtbmdfcom,United States,PLAY
2024-09-21,wwwpaccoastcom,United States,PLAY
2024-09-21,wwwomegaindustriescom,United States,PLAY
2024-09-21,wwwnobleenvirocom,United States,PLAY
2024-09-21,wwwmessecdk,Denmark,PLAY
2024-09-21,wwwjacksonpapernet,United States,PLAY
2024-09-19,wwwplaistedcompaniescom,United States,PLAY
2024-09-16,wwwmultidatalu,Luxembourg,PLAY
2024-09-16,wwwhariripontarinicom,Canada,PLAY
2024-09-16,wwwrspca,Canada,PLAY
2024-09-16,wwwpipusacom,United States,PLAY
2024-09-16,wwwbaskervillcom,United States,PLAY
2024-09-13,wwwcreativeplaythingscom,United States,PLAY
2024-09-13,wwwdminjcom,United States,PLAY
2024-09-13,wwwtruefamilyenterprisescom,United States,PLAY
2024-09-10,wwwsecoolercom,United States,PLAY
2024-09-10,wwwswartzelectriccom,United States,PLAY
2024-09-10,wwwbelairbayclubcom,United States,PLAY
2024-09-10,wwwelginseparationsolutionscom,United States,PLAY
2024-09-10,wwwpwadcnet,United States,PLAY
2024-09-10,wwwweldcobealescom,Canada,PLAY
2024-06-12,wwwkintercom,United States,PLAY
2024-06-12,wwwcorbinturfcom,United States,PLAY
2024-06-12,wwwaircleaningspecialistscom,United States,PLAY
2024-06-12,wwwdtindustrialflooringcom,United States,PLAY
2024-06-12,wwwcitybuilderscom,United States,PLAY
2024-06-12,wwwrrlawca,Canada,PLAY
2024-06-12,wwwaldenhovennl,Netherlands,PLAY
2024-06-12,wwwamarillagascom,Argentina,PLAY
2024-06-12,wwwmonsterasmetallse,Sweden,PLAY
2024-06-12,wwwmetooshoescom,United States,PLAY
2024-06-12,wwwcelluphonecom,United States,PLAY
2024-06-12,wwwwwpch,Switzerland,PLAY
2024-01-19,wwwtpgarchitecturecom,United States,PLAY
2024-01-06,wwwteleverdecom,United States,PLAY
2023-12-21,wwwquiltyca,Canada,PLAY
2023-12-20,wwwdigipackagingcom,United States,PLAY
2023-12-20,wwwconceptdatadk,Denmark,PLAY
2023-12-20,wwwjonrichardcom,United Kingdom,PLAY
2023-12-18,wwwcmpaulacom,United States,PLAY
2023-12-18,wwwwaldnerscom,United States,PLAY
2023-12-18,wwwschoepedisplaycom,Germany,PLAY
2024-07-04,wwwprairieathleticcom,United States,PLAY
2024-07-04,wwwinnerspeccom,United States,PLAY
2024-07-04,wwwindaorg,United States,PLAY
2024-07-04,wwwtexasrecyclingcom,United States,PLAY
2024-07-04,wwwelyriafoundrycom,United States,PLAY
2024-06-23,wwwcustomconcretecom,United States,PLAY
2024-06-23,wwwpromotionholdingscom,United States,PLAY
2024-06-23,wwwrrcaaccountscom,United States,PLAY
2024-06-23,wwwbungersteelcom,United States,PLAY
2024-06-23,wwwinquesttechnologiescom,United Kingdom,PLAY
2024-06-23,wwwhedrickbrotherscom,United States,PLAY
2024-06-23,wwwbelletirecom,United States,PLAY
2024-09-10,wwwevansdistcom,United States,PLAY
2024-09-04,wwwseiruscom,United States,PLAY
2024-09-04,wwwcraingroupcom,United States,PLAY
2024-09-04,wwwbakersfieldcom,United States,PLAY
2024-09-04,wwwfarmersricecom,United States,PLAY
2024-08-28,wwwclabotsbe,Belgium,PLAY
2024-08-28,wwwomicrongranitenet,United States,PLAY
2024-08-28,wwwuniversalpurecom,United States,PLAY
2024-08-28,wwwabcpartsnet,United States,PLAY
2024-08-28,wwwgdbinternationalcom,United States,PLAY
2024-08-28,wwwseadeocom,United States,PLAY
2024-03-11,wwwfashionsukcom,United Kingdom,PLAY
2024-03-11,wwwgrassmidtransportinccom,United States,PLAY
2024-03-11,wwwimagepointecom,United States,PLAY
2024-03-11,wwwrudaautocom,United States,PLAY
2024-03-11,wwwzsbca,Canada,PLAY
2024-03-11,wwwbechtoldfensterde,Germany,PLAY
2024-03-11,wwwschokinagcom,Germany,PLAY
2024-03-11,wwwqeocom,United States,PLAY
2024-03-06,wwwmainvestcom,United States,PLAY
2024-03-06,wwwcontinentalaero,United States,PLAY
2024-03-01,wwwfbiconstructioncom,United States,PLAY
2024-03-01,wwwkoolairinccom,Canada,PLAY
2024-08-27,wwwprecominccom,United States,PLAY
2024-08-27,wwwmicrochipcom,United States,PLAY
2024-08-21,wwwpasolutionscom,United States,PLAY
2024-08-21,wwwrcgllccom,United States,PLAY
2024-08-21,wwwarmourcoatingscom,United States,PLAY
2024-08-21,wwwthesmsgroupcom,United States,PLAY
2024-08-13,wwweriemeatscom,Canada,PLAY
2024-08-13,wwwmycinematechcom,United States,PLAY
2024-08-13,wwwadinareytercom,United States,PLAY
2024-08-13,wwwaithermalcom,United States,PLAY
2024-08-13,wwwparkerdevcocom,United States,PLAY
2024-08-13,wwwmillcreeklumbercom,United States,PLAY
2024-03-27,wwwalberlawcom,United States,PLAY
2024-03-27,wwwfestspielhausde,Germany,PLAY
2024-03-27,wwwweldpluscom,United States,PLAY
2024-03-27,wwwjmthompsoncom,United States,PLAY
2024-03-27,,Poland,PLAY
2024-03-27,wwwpavilionconstructioncom,United States,PLAY
2024-03-27,wwwboingographicscom,United States,PLAY
2024-03-11,wwwpremiertechnologynet,United States,PLAY
2024-03-11,wwwsreecom,United States,PLAY
2024-03-11,wwwbridgerinscom,United States,PLAY
2024-03-11,wwwbitecsmicom,United States,PLAY
2024-03-11,wwwqigroupca,Canada,PLAY
2024-06-23,wwwharveyconstcom,United States,PLAY
2024-06-23,wwwtpicorpcom,United States,PLAY
2024-06-13,wwwsrfirmscom,United States,PLAY
2024-06-13,wwwchromacolorscom,United States,PLAY
2024-06-13,wwwpeteatlantacom,United States,PLAY
2024-06-13,wwwglitcom,United States,PLAY
2024-06-13,wwweaglematerialscom,United States,PLAY
2024-06-13,www3glca,Canada,PLAY
2024-06-13,wwwfreightbillauditorcom,United States,PLAY
2024-06-13,wwwwestmechhvaccom,United States,PLAY
2024-06-13,wwwseagulfcom,Canada,PLAY
2024-03-01,wwwskylandgraincom,United States,PLAY
2024-02-29,wwwgilmoreassoccom,United States,PLAY
2024-02-15,wwwmeerservicesnl,Netherlands,PLAY
2024-02-15,wwwonclusivecom,United States,PLAY
2024-02-15,wwwmechrepscom,United States,PLAY
2024-02-15,wwwnorfoxchemcom,United States,PLAY
2024-02-15,wwwvonhagennet,Germany,PLAY
2024-02-15,wwwlddaviscom,United States,PLAY
2024-02-05,wwwleadersstaffingcom,United States,PLAY
2024-02-05,wwwdclorg,United States,PLAY
2024-03-01,wwwskylandgraincom,United States,PLAY
2024-02-29,wwwgilmoreassoccom,United States,PLAY
2024-02-15,wwwmeerservicesnl,Netherlands,PLAY
2024-02-15,wwwonclusivecom,United States,PLAY
2024-02-15,wwwmechrepscom,United States,PLAY
2024-02-15,wwwnorfoxchemcom,United States,PLAY
2024-02-15,wwwvonhagennet,Germany,PLAY
2024-02-15,wwwlddaviscom,United States,PLAY
2024-02-05,wwwleadersstaffingcom,United States,PLAY
2024-02-05,wwwdclorg,United States,PLAY
2024-04-11,wwwnewwpkgcom,United States,PLAY
2024-04-11,wwwaccessintelcom,United States,PLAY
2024-04-11,wwwtheatrixxcom,Canada,PLAY
2024-04-11,wwwmoldtechrubbercom,United States,PLAY
2024-04-10,wwwfeldsteinandstewartcom,United States,PLAY
2024-04-04,wwweverbritecom,United States,PLAY
2024-04-04,wwwguysfloorcom,United States,PLAY
2024-04-04,wwwsitnsleepcom,United States,PLAY
2024-03-27,wwwlambdaenergyllccom,United States,PLAY
2024-03-27,wwwlsrlcom,United States,PLAY
2024-03-27,wwwqualityenclosurescom,United States,PLAY
2024-03-27,wwwhartzcom,United States,PLAY
2024-08-12,wwwgridsmecom,United States,PLAY
2024-08-11,wwwtelpro1com,United States,PLAY
2024-08-10,wwwnilorncom,Sweden,PLAY
2024-08-10,crediblegroupcom,Canada,PLAY
2024-08-06,wwwkinetxcom,United States,PLAY
2024-08-06,wwwgranitdesigncom,Canada,PLAY
2024-08-06,wwwtrueblueenvironmentalcom,United States,PLAY
2024-08-06,wwwalternateenergyhawaiicom,United States,PLAY
2024-07-25,wwwofficeopscom,United States,PLAY
2024-07-25,wwwodysseyfitnesscentercom,United States,PLAY
2024-07-25,wwwgendroncorpcom,United States,PLAY
2024-04-26,wwwyalemortgagecom,United States,PLAY
2024-04-26,wwwprecisionfluidcontrolscom,United States,PLAY
2024-04-26,wwworiginalherkimercheesecom,United States,PLAY
2024-04-26,wwwaxipcom,United States,PLAY
2024-04-19,wwweaminccom,United States,PLAY
2024-04-19,wwwpaconventioncom,United States,PLAY
2024-04-19,wwwsisautomatiseringnl,Netherlands,PLAY
2024-04-19,wwwalltruckbodiescomau,Australia,PLAY
2024-04-19,wwwjeowenscom,United States,PLAY
2024-04-12,wwwheritagecooperativecom,United States,PLAY
2024-04-11,wwwmbtwcom,Canada,PLAY
2024-04-11,wwwlsnetworksnet,United States,PLAY
2024-07-25,wwwgwextrusionscom,United States,PLAY
2024-07-25,wwwwilliamsconstcom,United States,PLAY
2024-07-25,wwwcompactmouldcom,Canada,PLAY
2024-07-25,wwwitstaffingcom,United States,PLAY
2024-07-17,wwwmipscom,United States,PLAY
2024-07-17,wwwhaydenpowercom,United States,PLAY
2024-07-17,wwwcongoleumcom,United States,PLAY
2024-07-11,wwwtpicorpcom,United States,PLAY
2024-07-11,www21stcenturyenergygroupcom,United States,PLAY
2024-07-11,wwwtexasecorg,United States,PLAY
2024-07-11,wwwhypericecom,United States,PLAY
2024-07-04,wwwfareriassociatescom,United States,PLAY
2024-03-01,wwwinfluencecommunicationcom,Canada,PLAY
2024-03-01,wwwcoastalcarcom,United States,PLAY
2024-03-01,wwwmarketoncom,United States,PLAY
2024-03-01,wwwcompactmouldcom,Canada,PLAY
2024-03-01,wwwnesmcocom,United States,PLAY
2024-03-01,wwwredrivertitlecom,United States,PLAY
2024-03-01,wwwhedlundspapperse,Sweden,PLAY
2024-03-01,wwwwinonapatterncom,United States,PLAY
2024-03-01,wwwtransplusio,Canada,PLAY
2024-03-01,wwwpowillcom,United States,PLAY
2024-03-01,wwwaawirelessus,United States,PLAY
2024-03-01,wwwamericannutscom,United States,PLAY
2024-05-07,wwwraymonhvaccom,United States,PLAY
2024-05-07,wwwsomervilleinccom,United States,PLAY
2024-05-07,wwwmauritzonnet,United States,PLAY
2024-05-07,wwwhpsllcus,United States,PLAY
2024-05-07,wwwcentralcivilcom,United States,PLAY
2024-05-03,wwwstainlessfoundrycom,United States,PLAY
2024-04-30,wwwprofileproductscom,United States,PLAY
2024-04-30,wwwnetabncom,United States,PLAY
2024-04-30,wwwcanatalnet,United States,PLAY
2024-04-26,wwwnewhudsonfacadescom,United States,PLAY
2024-04-26,wwwtoolmartscom,United States,PLAY
2024-04-26,wwwlbdcstatenyus,United States,PLAY
2024-05-22,wwwfreemancompanycom,United States,PLAY
2024-05-22,wwwaspiretaxcom,United States,PLAY
2024-05-22,wwwsamorzadgovpl,Poland,PLAY
2024-05-22,wwwtristategccom,United States,PLAY
2024-05-22,wwwryderscottcom,United States,PLAY
2024-05-10,wwwbadgertagcom,United States,PLAY
2024-05-10,wwwnkpartscom,United States,PLAY
2024-05-10,wwwlivehelpnownet,United States,PLAY
2024-05-07,wwwsentrydatamgtcom,United States,PLAY
2024-05-07,wwwkcscoutnet,United States,PLAY
2024-05-07,wwwuticamackcom,United States,PLAY
2024-05-07,wwwapbservicescom,United States,PLAY
